{"name":"d23f64c8-954c-4de0-9d3f-9b31f066ab95","id":"/providers/Microsoft.Flow/flows/d23f64c8-954c-4de0-9d3f-9b31f066ab95","type":"Microsoft.Flow/flows","properties":{"apiId":"/providers/Microsoft.PowerApps/apis/shared_logicflows","displayName":"Summarize Emails in Outlook","definition":{"metadata":{"workflowEntityId":null,"processAdvisorMetadata":null,"flowclientsuspensionreason":"None","flowclientsuspensiontime":null,"creator":{"id":"71fd7fca-f87e-44b7-81b4-e5acfa314f79","type":"User","tenantId":"79f8134f-8056-4569-b5de-5bd62a6e0008"},"provisioningMethod":"FromDefinition","failureAlertSubscription":true,"clientLastModifiedTime":"2022-04-13T02:12:11.803365Z"},"$schema":"https://schema.management.azure.com/providers/Microsoft.Logic/schemas/2016-06-01/workflowdefinition.json#","contentVersion":"1.0.0.0","parameters":{"$authentication":{"defaultValue":{},"type":"SecureObject"}},"triggers":{"manual":{"metadata":{"operationMetadataId":"2a1c9301-9f1d-44eb-83a6-dcd92a2741b4"},"type":"Request","kind":"Http","inputs":{"schema":{"type":"object","properties":{"message":{"type":"string"}}}}}},"actions":{"Submit_Job":{"runAfter":{},"metadata":{"operationMetadataId":"112c7a51-601b-4483-b18a-84796deae55e"},"type":"Http","inputs":{"method":"POST","uri":"https://textworks.cognitiveservices.azure.com/text/analytics/v3.2-preview.2/analyze","headers":{"Content-Type":"application/json","Ocp-Apim-Subscription-Key":"4e2982e2c112473ab3402ec026cbb8b7"},"body":{"analysisInput":{"documents":[{"language":"en","id":"1","text":"@{triggerBody()?['message']}"}]},"tasks":{"extractiveSummarizationTasks":[{"parameters":{"model-version":"latest","sentenceCount":4,"sortBy":"Offset"}}]}}}},"Iterate_Sentences":{"foreach":"@body('Get_Job')?['tasks']?['extractiveSummarizationTasks'][0]?['results']?['documents'][0]?['sentences']","actions":{"Append_to_string_variable":{"runAfter":{},"metadata":{"operationMetadataId":"4e0dc6ee-37a4-4898-b9d2-991301ddff88"},"type":"AppendToStringVariable","inputs":{"name":"strSummary","value":"\n@{items('Iterate_Sentences')?['text']}"}}},"runAfter":{"Init_strSummary":["Succeeded"]},"metadata":{"operationMetadataId":"1a3a4137-d015-42ac-a617-fd6008e2989f"},"type":"Foreach"},"Init_strSummary":{"runAfter":{"Wait_for_Job_to_Succeed":["Succeeded"]},"metadata":{"operationMetadataId":"32b011b1-2e3e-4013-b631-58efffeba65c"},"type":"InitializeVariable","inputs":{"variables":[{"name":"strSummary","type":"string"}]}},"Wait_for_Job_to_Succeed":{"actions":{"Delay":{"runAfter":{},"metadata":{"operationMetadataId":"faa75994-e338-45f6-a881-41678d741bea"},"type":"Wait","inputs":{"interval":{"count":5,"unit":"Second"}}},"Get_Job":{"runAfter":{"Delay":["Succeeded"]},"metadata":{"operationMetadataId":"5827aec7-bb39-4a91-85af-b655b5a6a0b1"},"type":"Http","inputs":{"method":"GET","uri":"@{outputs('Submit_Job')['headers']?['operation-location']}","headers":{"Content-Type":"application/json","Ocp-Apim-Subscription-Key":"4e2982e2c112473ab3402ec026cbb8b7"}}}},"runAfter":{"Submit_Job":["Succeeded"]},"expression":"@contains(body('Get_Job')?['status'], 'succeeded')","limit":{"count":50,"timeout":"PT1M"},"metadata":{"operationMetadataId":"816cfc59-d1da-4f3a-8c36-94cb7c4bdf92"},"type":"Until"},"Response":{"runAfter":{"Iterate_Sentences":["Succeeded"]},"metadata":{"operationMetadataId":"1fc868a1-1ccf-4ef4-b6c3-0b900df647fa"},"type":"Response","kind":"Http","inputs":{"statusCode":200,"body":"@variables('strSummary')"}}}},"connectionReferences":{},"flowFailureAlertSubscribed":false}}